{
  "capturedAt": "2026-07-12T21:49:51.775Z",
  "paneCount": 4,
  "frameTime": {
    "count": 300,
    "avg": 0.5399999999829258,
    "p95": 1,
    "max": 1.0000000004656613
  },
  "jankRate": 0,
  "ipcPayload": {
    "count": 220,
    "avg": 108282.9909090909,
    "p95": 108284,
    "max": 108284
  }
}
