{
  "capturedAt": "2026-07-12T21:47:56.613Z",
  "paneCount": 2,
  "frameTime": {
    "count": 117,
    "avg": 1.6581196581190363,
    "p95": 1.0000000000582077,
    "max": 63
  },
  "jankRate": 0.017094017094017096,
  "ipcPayload": {
    "count": 7,
    "avg": 108280.28571428571,
    "p95": 108281,
    "max": 108281
  }
}
